Ääni pätkii,The voice is lagging (as in a Zoom meetig)
Tämä ei tapahdu itsestään,This does not happen by itself
Eroavaisuuksia riippuen datasta,Differences depending on the data
Joudun loikkaamaan seuraaviin,I have to jump to the next ones (meetings)
Joudun olemaan tänään pois töistä,I will need to be away from work today
Joudun tässä vaiheessa hyppäämään pois,I need to hop off now
Kiitti mulle riitti,"Thanks, enough (could be sarcastic)"
Nostetaan nyt kissa pöydälle,Let's address this problem now
Kuinka välttämätöntä..?,How necessary..?
Kuka tahansa saa tehdä <jotain>,Whoever/anyone can do <something>
"Kuulolla, haen kahvia","I'm listening, just going to get coffee"
Pistää kuulokkeet päähän,To put on the headphones
Meillä on tapana tehdä jotain,We have a common way of doing...
Mitä vikaa siinä on?,What is wrong with it?
Motiivina tälle oli...,The motive for this was...
Minun on pakko siirtyä seuraavaan,I have to switch to the next meeting 
Hyvä nosto!,Good point!
Nyrkkisääntö on:...,The rule of thumb is:...
Ollaanko tavattu ennen?,Have we met before?
Osaatko neuvoa keneen olen yhteydessä seuraavaksi?,Could you tell me whom should I contact next?
Pikaista paranemista/parantumista!,Get well soon!
Olet mutella,You are muted
"Samaa pohtinut itsekin, mutta en vielä tehnyt lopullista päätöstä","I considered the same, but didn't come up yet with final decision"
Se etenee hyvää vauhtia,It progresses quickly
Se lupaamani asia,The thing that I promised
Se maksaa mansikoita,It costs a lot
Se on vähän sellasta taidetta ,It's a bit of an art
Tämä hoitui,It got fixed/taken care of
Tämä toimii kuin junan vessa,This works very in a well/straightforward way
Taskiin pitäisi tehdä nämä,It is needed to do these for this task
Tulin eilen kipeäksi ja tämä päivä menee levätessä,I got sick yesterday and will rest today
"Tulkitsenko nyt oikein, että...?","Do I understand correctly, that...?"
Valtava osa työajasta meni tämän tehtävän kanssa,Big part of the working time was spent on this task
Asia on edelleen pöydällä,This is still being discussed
Mitä on luvassa?,What's coming up?